Address,City,State,Zip,First Name,Last Name,Card Type,Card Num,Expiration,CVV
1 West Del Monte Ave.,Middleton,WI,53562,Alison,Flowers,VISA,4929355021924910,Nov-24,822
106 Vernon St.,Hartford,CT,6106,Noah,Wolfe,VISA,4016466111141790,Oct-26,276
128 Evergreen Ave.,Perth Amboy,NJ,8861,Annie,Gonzales,VISA,4532392453522760,Feb-25,173
133 Hill Field Ave.,Appleton,WI,54911,Marco,Alexander,VISA,4679207809629630,Feb-26,666
139 Main Dr.,Owosso,MI,48867,Lois,Boone,VISA,4928863522911340,Sep-26,604
139 Peachtree St.,Williamsport,PA,17701,Cesar,Little,VISA,4024007182935410,Mar-24,491
144 Windsor Rd.,Stow,OH,44224,Sheri,Webster,VISA,4024007119462360,Jul-28,223
17 SE. Mechanic St.,Sioux City,IA,51106,Nettie,Gibbs,VISA,4556878997400370,Nov-27,133
172 Courtland St.,Lake Worth,FL,33460,Garrett,Hale,VISA,4929961204099030,Dec-22,959
18 Foster St.,Catonsville,MD,21228,Erin,Cooper,VISA,4024007120156030,Sep-25,898
190 Garfield Lane,Mchenry,IL,60050,Billie,Norton,VISA,4485929305261990,Feb-21,463
2 Durham St.,Brighton,MA,2135,Wilma,Fernandez,VISA,4024007169286090,Jan-24,659
2 Wall St.,Findlay,OH,45840,Mary,Peterson,VISA,4716238522152480,Nov-23,515
20 Gonzales Court,Thomasville,NC,27360,Randy,Logan,VISA,4716280353321820,May-22,827
219 Circle St.,Lancaster,NY,14086,Melissa,Mullins,VISA,4556609012767100,Sep-28,344
250 Applegate Court,Port Huron,MI,48060,Donna,Waters,VISA,4024007172640530,Feb-24,249
263A Lees Creek St.,Huntley,IL,60142,Jeanette,Owens,VISA,4532185765545490,Jun-22,617
268 South Sulphur Springs St.,San Antonio,TX,78213,Joan,Cox,VISA,4716360347320010,Mar-23,143
288 Green Hill St.,Marysville,OH,43040,Verna,Lynch,VISA,4532468519289840,Dec-22,924
3 Lantern Ave.,Rapid City,SD,57701,Wayne,Bryan,VISA,4532833484363460,Apr-21,935
30 Peg Shop Street,Apple Valley,CA,92307,Warren,Morris,VISA,4532804223959350,May-25,975
310 8th St.,Plymouth,MA,2360,Roland,Neal,VISA,4539163536332800,Feb-27,709
321 Walnut Rd.,Braintree,MA,2184,Molly,Gill,VISA,4556968786248950,Aug-27,541
33 Carriage Ave.,Severn,MD,21144,Dawn,Carpenter,VISA,4716272721304830,Dec-22,854
346 Marsh Ave.,Sun Prairie,WI,53590,Leslie,Chandler,VISA,4916247092758960,Apr-22,517
35 Prospect Drive,Euless,TX,76039,Rolando,Gibson,VISA,4078773387524890,Jan-23,164
35 Windsor Court,Middle River,MD,21220,Erik,Walters,VISA,4485432255934220,Jul-26,147
358 Applegate Ave.,Brainerd,MN,56401,Jeffery,Santos,VISA,4929764785099770,Apr-22,896
361 Old York Court,Pelham,AL,35124,Bryant,Lane,VISA,4539121609951970,Nov-21,752
374 Cactus Road,Derby,KS,67037,Bruce,Wise,VISA,4539631275851840,Jul-22,667
374 Del Monte Ave.,Coatesville,PA,19320,Diana,Munoz,VISA,4716619676367660,Dec-25,612
375 North Sunnyslope Drive,Sarasota,FL,34231,Phil,Griffith,VISA,4485699949548760,Jun-26,196
389 Lake Forest Lane,North Miami Beach,FL,33160,Jo,Collins,VISA,4024007163544550,Sep-28,209
398 Baker Street,Linden,NJ,7036,Beverly,Garrett,VISA,4539797468882310,Jul-27,948
452 Central Rd.,Aberdeen,SD,57401,Patti,Barker,VISA,4548609133837710,Nov-26,174
452 NW. Trenton Street,Shrewsbury,MA,1545,Agnes,Rios,VISA,4556570553535100,Mar-21,742
459 Pheasant Dr.,Dayton,OH,45420,Allan,Fox,VISA,4929252667116860,Jun-21,483
462 Van Dyke Drive,Bensalem,PA,19020,Oscar,Francis,VISA,4539092069968450,Dec-26,135
50 North Meadow Lane,Middle Village,NY,11379,Jeff,Ryan,VISA,4716128991627200,Dec-24,599
524 Cottage Dr.,Amarillo,TX,79106,Glen,Walton,VISA,4024007198208960,Jul-24,339
53 Mayflower Drive,Lindenhurst,NY,11757,Clifford,Andrews,VISA,4716971720804190,Oct-26,462
539 E. Lees Creek Circle,Apt 2,,,Deanna,Marshall,VISA,4485267781889170,Oct-24,380
55 Johnson Rd.,Summerville,SC,29483,Lucille,Fields,VISA,4556978848007810,Nov-26,812
57 Griffin St.,Troy,NY,12180,Lula,Massey,VISA,4556670454341630,Mar-21,216
571 W. Lakeshore Street,Chapel Hill,NC,27516,Gayle,Cruz,VISA,4485788722665730,Aug-26,863
58 Oakwood St.,Jackson Heights,NY,11372,Bobby,Steele,VISA,4716570124169040,Mar-22,159
59 Center Rd.,Woodside,NY,11377,Lena,Joseph,VISA,4916331244683040,Mar-27,260
6 1st Drive,Wooster,OH,44691,Ted,Casey,VISA,4158225314982250,Sep-26,933
6 Princess Dr.,Thornton,CO,80241,Gail,May,VISA,4672323295519000,Apr-25,877
618 John Road,Capitol Heights,MD,20743,Johanna,Griffin,VISA,4916540657822160,Mar-28,339
625 Lafayette Rd.,Zeeland,MI,49464,Harriet,Nash,VISA,4035707314737250,Apr-23,261
63 Union Road,Allison Park,PA,15101,Diane,Mclaughlin,VISA,4916092684719830,Aug-27,222
652 Airport Lane,La Porte,IN,46350,Jeffrey,Terry,VISA,4722070546216980,Dec-22,609
693 Hillside Dr.,Mesa,AZ,85203,Miriam,Palmer,VISA,4024007135443800,Oct-24,479
698 Pearl Drive,Grand Forks,ND,58201,Seth,Garza,VISA,4556991825392560,Jun-22,501
710 Courtland Dr.,Banning,CA,92220,Anna,Lloyd,VISA,4532302032121200,Jul-24,875
715 Amerige Court,Bradenton,FL,34203,Jeannette,Gilbert,VISA,4916252560718150,Jan-24,144
715 Lancaster St.,Everett,MA,2149,Pam,Brady,VISA,4716811224270930,Aug-25,505
7164 College Dr.,Newburgh,NY,12550,Joy,Swanson,VISA,4485451166481260,May-25,306
7186 Meadow St.,Oxon Hill,MD,20745,Jeanne,Hicks,VISA,4716022939558750,Sep-25,522
721 Gates Street,Pewaukee,WI,53072,Whitney,Zimmerman,VISA,4716666127752620,Jun-28,592
74 Newcastle St.,Fairmont,WV,26554,Mack,Ramos,VISA,4556853203634690,Jun-23,528
748 East Sulphur Springs St.,Far Rockaway,NY,11691,Ian,Goodman,VISA,4000252158471910,Mar-27,142
749 Shirley Ave.,Dover,NH,3820,Ronnie,Padilla,VISA,4024007161587320,Aug-26,253
7551 Thomas Ave.,Yuma,AZ,85365,Sherri,Ball,VISA,4485037021494340,Nov-25,711
7579 Primrose Ave.,Xenia,OH,45385,Zachary,Garcia,VISA,4539301327684350,Feb-26,509
7653 S. Pumpkin Hill Ave.,Marietta,GA,30008,Rene,Patrick,VISA,4929229257502650,May-24,638
766 Ridge St.,Paramus,NJ,7652,Clayton,Foster,VISA,4929799645235520,Jan-22,261
7839 South Atlantic Ave.,Brunswick,GA,31525,Geneva,Pope,VISA,4556496848104420,Feb-28,309
7884 Miles Drive,Manchester,NH,3102,Dominic,Nelson,VISA,4916740831810450,Jul-24,609
7894 Fordham Ave.,Voorhees,NJ,8043,Karla,Delgado,VISA,4929773003916870,Mar-21,599
7895 East Chestnut Street,Brookfield,WI,53045,Wilbur,Harrington,VISA,4024007164985230,Sep-28,752
8132 S. Atlantic Street,Lorton,VA,22079,Bertha,Murphy,VISA,4539519557377470,Nov-27,259
8149 Windfall Street,Ellicott City,MD,21042,Yolanda,Alvarez,VISA,4716705846466780,Jan-22,251
8269 Orchard St.,Avon Lake,OH,44012,Frederick,Gardner,VISA,4916605333757150,May-24,399
85 Mill St.,Westport,CT,6880,Kelley,Ross,VISA,4556674097752620,Jun-24,484
8514 Cooper St.,Orange,NJ,7050,Alfonso,Love,VISA,4556537030316120,May-22,779
853 Lookout Dr.,Teaneck,NJ,7666,Van,Ortiz,VISA,4485717721308050,Jul-28,371
856 Carpenter Ave.,Hobart,IN,46342,Donnie,Santiago,VISA,4024007193145060,Apr-26,953
8692 Lafayette Court,Flint,MI,48504,Stanley,Norman,VISA,4716635618129960,Jul-26,614
8753 Princess Dr.,Canonsburg,PA,15317,Christina,Washington,VISA,4716774944740790,Aug-24,178
876 Shady St.,Carpentersville,IL,60110,Andres,Green,VISA,4532748899727900,May-27,984
8763 Golden Star Street,Youngstown,OH,44512,Juana,Lawrence,VISA,4929478556359320,Jul-28,248
8804 Roosevelt Street,Bonita Springs,FL,34135,Emmett,Patton,VISA,4766612558902200,Feb-25,622
8892 W. Plymouth St.,Stevens Point,WI,54481,Mandy,Patterson,VISA,4532947550435110,Jun-23,532
894 Halifax St.,Clifton Park,NY,12065,Justin,Schwartz,VISA,4539530304704420,Mar-28,934
90 Sierra Ave.,Wilmette,IL,60091,Lorene,Black,VISA,4556416259225290,Jul-22,208
9065 Hamilton St.,Midland,MI,48640,Samuel,Bowen,VISA,4929229600673460,Apr-23,844
9096 Johnson Court,Lake In The Hills,IL,60156,Kimberly,Price,VISA,4539364321884450,Jul-23,845
917 North Cooper Dr.,Mansfield,MA,2048,Delbert,Guzman,VISA,4554179776007730,Aug-26,631
9200 Mulberry Drive,New Baltimore,MI,48047,Ann,Hanson,VISA,4024007169412070,Jan-25,835
922 E. Dunbar St.,Franklin,MA,2038,Regina,Becker,VISA,4929720989217580,Mar-25,820
93 N. Canal Drive,Bay Shore,NY,11706,Loren,Reynolds,VISA,4556468556108520,Apr-27,233
93 S. Monroe Street,Birmingham,AL,35209,Sammy,Brooks,VISA,4929982170827840,Mar-22,868
94 Golf Avenue,Pikesville,MD,21208,Kristen,Fletcher,VISA,4556877320125510,Jun-24,387
9515 York St.,Saratoga Springs,NY,12866,Ginger,Singleton,VISA,4024007183867390,Oct-26,856
9798 N. Shore St.,Hopkinsville,KY,42240,Bert,Gross,VISA,4024007123942440,Oct-26,464
9800 Pulaski Ave.,Dearborn Heights,MI,48127,Nadine,Pena,VISA,4485972161293690,Jun-23,630
983 Lake View St.,Buford,GA,30518,Angie,Schneider,VISA,4024007138745790,Mar-23,869
990 Adams Road,Klamath Falls,OR,97603,Tony,Sanders,VISA,4716774680016510,Mar-27,472